,movieId,person_name
0,19995,James Cameron
1,285,Gore Verbinski
2,206647,Sam Mendes
3,49026,Christopher Nolan
4,49529,Andrew Stanton
5,559,Sam Raimi
6,209112,Zack Snyder
7,1452,Bryan Singer
8,10764,Marc Forster
9,58,Gore Verbinski
10,57201,Gore Verbinski
11,49521,Zack Snyder
12,2454,Andrew Adamson
13,1865,Rob Marshall
14,41154,Barry Sonnenfeld
15,122917,Peter Jackson
16,20662,Ridley Scott
17,57158,Peter Jackson
18,2268,Chris Weitz
19,254,Peter Jackson
20,597,James Cameron
21,271110,Anthony Russo
22,44833,Peter Berg
23,37724,Sam Mendes
24,558,Sam Raimi
25,12155,Tim Burton
26,36668,Brett Ratner
27,8373,Michael Bay
28,91314,Michael Bay
29,68728,Sam Raimi
30,49013,John Lasseter
31,44912,Martin Campbell
32,534,McG
33,168259,James Wan
34,72190,Marc Forster
35,127585,Bryan Singer
36,54138,J.J. Abrams
37,81005,Bryan Singer
38,64682,Baz Luhrmann
39,9543,Mike Newell
40,68726,Guillermo del Toro
41,38356,Michael Bay
42,217,Steven Spielberg
43,188927,Justin Lin
44,10681,Andrew Stanton
45,5174,Brett Ratner
46,14161,Roland Emmerich
47,17979,Robert Zemeckis
48,76757,Lilly Wachowski
49,411,Andrew Adamson
50,246655,Bryan Singer
51,155,Christopher Nolan
52,1726,Jon Favreau
53,44826,Martin Scorsese
54,8487,Barry Sonnenfeld
55,1735,Rob Cohen
56,297761,David Ayer
57,2698,Tom Shadyac
58,137113,Doug Liman
59,9804,Kevin Reynolds
60,14869,Stephen Sommers
61,278927,Jon Favreau
62,10138,Jon Favreau
63,119450,Matt Reeves
64,100402,Anthony Russo
65,10192,Mike Mitchell
66,158852,Brad Bird
67,5255,Robert Zemeckis
68,47933,Roland Emmerich
69,296,Jonathan Mostow
70,157336,Christopher Nolan
71,27205,Christopher Nolan
72,49051,Peter Jackson
73,9799,Rob Cohen
74,4922,David Fincher
75,49538,Matthew Vaughn
76,131634,Francis Lawrence
77,27022,Jon Turteltaub
78,503,Wolfgang Petersen
79,10140,Michael Apted
80,676,Michael Bay
81,1858,Michael Bay
82,1966,Oliver Stone
83,674,Mike Newell
84,8960,Peter Berg
85,6479,Francis Lawrence
86,118,Tim Burton
87,272,Christopher Nolan
88,10527,Eric Darnell
89,18360,Shawn Levy
90,2080,Gavin Hood
91,605,Lilly Wachowski
92,604,Lilly Wachowski
93,76341,George Miller
94,13448,Ron Howard
95,10195,Kenneth Branagh
96,57165,Jonathan Liebesman
97,62213,Tim Burton
98,7978,Joe Johnston
99,10196,M. Night Shyamalan
100,956,J.J. Abrams
101,117251,Roland Emmerich
102,11619,David Bowers
103,266647,Joe Wright
104,82703,Rob Minkoff
105,652,Wolfgang Petersen
106,36669,Lee Tamahori
107,43074,Paul Feig
108,95,Michael Bay
109,608,Barry Sonnenfeld
110,2310,Robert Zemeckis
111,56292,Brad Bird
112,7552,Dean Parisot
113,616,Edward Zwick
114,147441,Ridley Scott
115,13475,J.J. Abrams
116,557,Sam Raimi
117,205584,Alex Proyas
118,10048,Rob Cohen
119,13183,Zack Snyder
120,944,Richard Donner
121,1927,Ang Lee
122,72559,Jon M. Chu
123,1771,Joe Johnston
124,36643,Michael Apted
125,8619,Peter Weir
126,50620,Bill Condon
127,65759,George Miller
128,1724,Louis Leterrier
129,267935,Steven Spielberg
130,281957,Alejandro González Iñárritu
131,44896,Gore Verbinski
132,270946,Eric Darnell
133,2503,Paul Greengrass
134,102899,Peyton Reed
135,101299,Francis Lawrence
136,74,Steven Spielberg
137,8961,Michael Bay
138,27576,Phillip Noyce
139,86834,Darren Aronofsky
140,17578,Steven Spielberg
141,673,Alfonso Cuarón
142,6972,Baz Luhrmann
143,82700,M. Night Shyamalan
144,181533,Shawn Levy
145,671,Chris Columbus
146,49524,Robert Schwentke
147,22,Gore Verbinski
148,131631,Francis Lawrence
149,591,Ron Howard
150,172385,Carlos Saldanha
151,36658,Bryan Singer
152,51497,Justin Lin
153,58574,Guy Ritchie
154,18823,Louis Leterrier
155,861,Paul Verhoeven
156,1911,John McTiernan
157,415,Joel Schumacher
158,8871,Ron Howard
159,435,Roland Emmerich
160,955,John Woo
161,2133,Wolfgang Petersen
162,1979,Tim Story
163,87827,Ang Lee
164,324668,Paul Greengrass
165,9471,McG
166,70981,Ridley Scott
167,10996,Rob Minkoff
168,2789,David Twohy
169,7459,Lilly Wachowski
170,37834,James Mangold
171,1895,George Lucas
172,1894,George Lucas
173,76170,James Mangold
174,1893,George Lucas
175,12100,John Woo
176,98566,Jonathan Liebesman
177,49047,Alfonso Cuarón
178,9619,Roger Donaldson
179,1593,Shawn Levy
180,714,Roger Spottiswoode
181,2024,Roland Emmerich
182,163,Steven Soderbergh
183,787,Doug Liman
184,262500,Robert Schwentke
185,2567,Martin Scorsese
186,40805,Michel Gondry
187,41513,Raja Gosnell
188,262504,Robert Schwentke
189,39254,Shawn Levy
190,77931,Raja Gosnell
191,1639,Jan de Bont
192,80274,Gavin Hood
193,120,Peter Jackson
194,10204,Frank Coraci
195,8489,Michael Mann
196,2048,Alex Proyas
197,1495,Ridley Scott
198,10137,Rob Minkoff
199,286217,Ridley Scott
200,1635,Michael Bay
201,24113,Peter Chelsom
202,98,Ridley Scott
203,180,Steven Spielberg
204,672,Chris Columbus
205,36557,Martin Campbell
206,869,Tim Burton
207,280,James Cameron
208,11322,Michael Mann
209,4982,Ridley Scott
210,36955,James Cameron
211,18487,Tony Scott
212,39451,Paul Weitz
213,27581,Adam McKay
214,9268,Chuck Russell
215,68718,Quentin Tarantino
216,76163,Simon West
217,2059,Jon Turteltaub
218,16523,Spike Jonze
219,9946,Peter Hyams
220,1372,Edward Zwick
221,106646,Martin Scorsese
222,414,Joel Schumacher
223,563,Paul Verhoeven
224,83542,Tom Tykwer
225,41216,Zack Snyder
226,184315,Brett Ratner
227,18162,Brad Silberling
228,205775,Ron Howard
229,22972,Paul Greengrass
230,1734,Stephen Sommers
231,3131,Martin Scorsese
232,76758,Zhang Yimou
233,9890,Frank Oz
234,855,Ridley Scott
235,77953,Jay Roach
236,18,Luc Besson
237,150689,Kenneth Branagh
238,7980,Peter Jackson
239,12,Andrew Stanton
240,122,Peter Jackson
241,121,Peter Jackson
242,1995,Simon West
243,331,Joe Johnston
244,8204,Mark Waters
245,47964,John Moore
246,10733,John Lee Hancock
247,9806,Brad Bird
248,1408,Renny Harlin
249,32657,Chris Columbus
250,607,Barry Sonnenfeld
251,863,John Lasseter
252,44048,Tony Scott
253,5175,Brett Ratner
254,2655,Robert Zemeckis
255,22794,Phil Lord
256,8355,Carlos Saldanha
257,116745,Ben Stiller
258,4327,McG
259,1422,Martin Scorsese
260,7446,Ben Stiller
261,65754,David Fincher
262,1572,John McTiernan
263,10528,Guy Ritchie
264,271969,Timur Bekmambetov
265,258509,Walt Becker
266,2253,Bryan Singer
267,10661,Dennis Dugan
268,257344,Chris Columbus
269,644,Steven Spielberg
270,10756,Rob Minkoff
271,686,Robert Zemeckis
272,9383,Paul Verhoeven
273,179,Sydney Pollack
274,1996,Jan de Bont
275,291805,Jon M. Chu
276,10003,Phillip Noyce
277,1535,Tony Scott
278,2067,Brian De Palma
279,46195,Carlos Saldanha
280,2277,Chris Columbus
281,921,Ron Howard
282,664,Jan de Bont
283,8358,Robert Zemeckis
284,9836,George Miller
285,2502,Paul Greengrass
286,9772,Wolfgang Petersen
287,161,Steven Soderbergh
288,52451,Paul W.S. Anderson
289,59108,Brett Ratner
290,1581,Nancy Meyers
291,9798,Tony Scott
292,22897,Nancy Meyers
293,298,Steven Soderbergh
294,157350,Neil Burger
295,853,Jean-Jacques Annaud
296,10159,Peter Berg
297,9593,John McTiernan
298,1904,Rob Marshall
299,9615,Justin Lin
300,297,Martin Brest
301,9884,Andrew Davis
302,62764,Tarsem Singh
303,22538,Edgar Wright
304,9341,Jon Amiel
305,12107,Peter Segal
306,9637,Raja Gosnell
307,9339,Frank Coraci
308,16281,George A. Romero
309,8247,Doug Liman
310,11253,Guillermo del Toro
311,1949,David Fincher
312,8452,Roger Spottiswoode
313,310,Tom Shadyac
314,954,Brian De Palma
315,45243,Todd Phillips
316,364,Tim Burton
317,9986,Gary Winick
318,146216,Dean Parisot
319,9291,Peter Segal
320,55301,Mike Mitchell
321,109418,Dennis Dugan
322,11665,Peter Segal
323,6964,Nancy Meyers
324,11324,Martin Scorsese
325,754,John Woo
326,10202,Adam Shankman
327,4147,Sam Mendes
328,50546,Dennis Dugan
329,1701,Simon West
330,13027,D.J. Caruso
331,9574,Les Mayfield
332,11618,Jan de Bont
333,12096,Shawn Levy
334,10200,Scott Derrickson
335,8834,Richard Donner
336,228150,David Ayer
337,6068,Ivan Reitman
338,38317,Frank Coraci
339,2157,Stephen Hopkins
340,14462,Jonathan Demme
341,1656,Martin Campbell
342,9678,Steven Brill
343,4442,Terry Gilliam
344,75,Tim Burton
345,9433,Lee Tamahori
346,19959,Jonathan Mostow
347,11973,Roger Donaldson
348,11228,Rob Cohen
349,10715,Joe Dante
350,10197,Rob Marshall
351,9562,Richard Donner
352,9447,George Miller
353,9992,Luc Besson
354,10077,Peter Hyams
355,76649,Paul W.S. Anderson
356,453,Ron Howard
357,9533,Brett Ratner
358,2023,Joe Johnston
359,71880,Dennis Dugan
360,584,John Singleton
361,602,Roland Emmerich
362,330,Steven Spielberg
363,953,Eric Darnell
364,9693,Alfonso Cuarón
365,36657,Bryan Singer
366,8909,Timur Bekmambetov
367,9802,Michael Bay
368,950,Carlos Saldanha
369,1824,Peter Segal
370,2976,Adam Shankman
371,11026,Renny Harlin
372,75656,Louis Leterrier
373,38365,Dennis Dugan
374,594,Steven Spielberg
375,11678,Martin Campbell
376,6538,Mike Nichols
377,1125,Bill Condon
378,4551,F. Gary Gray
379,612,Steven Spielberg
380,9567,Antoine Fuqua
381,37821,Robert Luketic
382,203801,Guy Ritchie
383,3172,Barry Levinson
384,6520,Jerry Zucker
385,1439,Andy Tennant
386,37958,Tarsem Singh
387,11375,Ron Shelton
388,9425,Paul W.S. Anderson
389,11866,John Moore
390,9741,M. Night Shyamalan
391,23629,Zack Snyder
392,8688,Brian De Palma
393,10153,Barry Levinson
394,8676,Andy Tennant
395,20829,Judd Apatow
396,4349,Peter Berg
397,9718,Adam McKay
398,10808,Steve Carr
399,25,Sam Mendes
400,11086,Frank Darabont
401,10477,Renny Harlin
402,1997,Jean-Jacques Annaud
403,6947,M. Night Shyamalan
404,3050,Betty Thomas
405,2675,M. Night Shyamalan
406,809,Andrew Adamson
407,920,John Lasseter
408,4806,Garry Marshall
409,7451,Rob Cohen
410,3595,Ron Howard
411,16869,Quentin Tarantino
412,879,Steven Spielberg
413,1573,Renny Harlin
414,1903,Cameron Crowe
415,9697,M. Night Shyamalan
416,395,Paul W.S. Anderson
417,23398,Betty Thomas
418,10590,Randall Wallace
419,117263,Antoine Fuqua
420,200,Jonathan Frakes
421,44943,Jonathan Liebesman
422,587,Tim Burton
423,10395,Mike Nichols
424,57212,Steven Spielberg
425,152760,George Clooney
426,2756,James Cameron
427,33909,Oliver Stone
428,9882,Edward Zwick
429,2270,Matthew Vaughn
430,978,Jean-Jacques Annaud
431,44564,Ron Howard
432,3132,Joel Schumacher
433,8814,Andrzej Bartkowiak
434,8427,Betty Thomas
435,80585,Adam Shankman
436,11535,John McTiernan
437,12610,Bobby Farrelly
438,201088,Michael Mann
439,3093,Michael Caton-Jones
440,107846,Mikael Håfström
441,188207,Renny Harlin
442,11371,Frank Oz
443,26428,Alejandro Amenábar
444,48988,Bobby Farrelly
445,9008,Michael Mann
446,300673,Craig Gillespie
447,12113,Ridley Scott
448,38778,Jay Roach
449,72331,Timur Bekmambetov
450,1844,Jon Amiel
451,846,Rob Bowman
452,857,Steven Spielberg
453,3981,Nancy Meyers
454,6171,Lawrence Kasdan
455,72976,Steven Spielberg
456,603,Lilly Wachowski
457,568,Ron Howard
458,12133,Adam McKay
459,9342,Martin Campbell
460,41733,Todd Phillips
461,5551,Clint Eastwood
462,9350,Renny Harlin
463,9208,John Woo
464,4244,Jon Turteltaub
465,1852,Oliver Stone
466,11820,Mike Newell
467,76493,Larry Charles
468,345,Stanley Kubrick
469,59962,McG
470,9440,Mike Nichols
471,71679,Paul W.S. Anderson
472,10483,Paul W.S. Anderson
473,11412,Renny Harlin
474,11983,Taylor Hackford
475,6795,Jon Favreau
476,550,David Fincher
477,11170,McG
478,257,Roman Polanski
479,9947,Rob Bowman
480,189,Robert Rodriguez
481,12618,Sydney Pollack
482,1427,Tom Tykwer
483,818,Jay Roach
484,16577,David Bowers
485,329,Steven Spielberg
486,12160,Lawrence Kasdan
487,9331,Phillip Noyce
488,9072,Keenen Ivory Wayans
489,3536,Jonathan Mostow
490,9087,Rob Reiner
491,273248,Quentin Tarantino
492,50359,Tim Hill
493,1271,Zack Snyder
494,693,Jay Roach
495,14306,David Frankel
496,497,Frank Darabont
497,11199,Walt Becker
498,210577,David Fincher
499,2501,Doug Liman
500,710,Martin Campbell
501,2275,Simon West
502,37165,Peter Weir
503,10708,Steve Carr
504,9654,F. Gary Gray
505,8916,Eric Darnell
506,2119,Tony Scott
507,9641,Adam Shankman
508,5994,Brett Ratner
509,39514,Robert Schwentke
510,9563,Oliver Stone
511,547,Robert Redford
512,1538,Michael Mann
513,9334,Chuck Russell
514,8914,Renny Harlin
515,13576,Kenny Ortega
516,39538,Steven Soderbergh
517,8645,M. Night Shyamalan
518,9509,Tony Scott
519,10067,Brian Robbins
520,9384,Todd Phillips
521,9279,Brian Levant
522,1487,Guillermo del Toro
523,4824,Michael Caton-Jones
524,9620,John Woo
525,137094,Kenneth Branagh
526,274479,David O. Russell
527,8078,Jean-Pierre Jeunet
528,7485,Antoine Fuqua
529,137106,Phil Lord
530,6278,Rob Bowman
531,17610,Harold Ramis
532,22954,Clint Eastwood
533,9849,Donald Petrie
534,11775,Joel Coen
535,12201,Martin Campbell
536,11015,Peter Hyams
537,9932,Harold Ramis
538,8838,Harold Becker
539,17332,Joe Wright
540,4958,Robert Redford
541,786,Cameron Crowe
542,9513,Tim Hill
543,11679,Lee Tamahori
544,8413,Paul W.S. Anderson
545,10052,Tom Shadyac
546,9676,Brian De Palma
547,2100,Rod Lurie
548,10384,Walter Hill
549,11260,Brian Robbins
550,11374,Ron Howard
551,2309,Iain Softley
552,210860,David Koepp
553,2312,Uwe Boll
554,9839,Martin Campbell
555,13922,John Dahl
556,9713,Stephen Herek
557,190859,Clint Eastwood
558,9007,Mark Waters
559,889,Brian Levant
560,4942,George Clooney
561,347969,Frank Coraci
562,116741,Shawn Levy
563,35791,Paul W.S. Anderson
564,1813,Taylor Hackford
565,87428,Sean Anders
566,8840,Rob Cohen
567,10589,Brett Ratner
568,71676,Brian Taylor
569,1722,John Madden
570,10022,Adam Shankman
571,13,Robert Zemeckis
572,6477,Tim Hill
573,1597,Jay Roach
574,1924,Richard Donner
575,9327,Tom Shadyac
576,8488,Andy Tennant
577,10603,Sam Weisman
578,109424,Paul Greengrass
579,35056,Shawn Levy
580,8839,Brad Silberling
581,156022,Antoine Fuqua
582,7303,Wayne Wang
583,8963,Tony Scott
584,1402,Gabriele Muccino
585,9315,Robert Schwentke
586,8984,Barry Levinson
587,795,Brad Silberling
588,24,Quentin Tarantino
589,11353,Frank Oz
590,393,Quentin Tarantino
591,9374,Robert Zemeckis
592,58224,Mark Waters
593,1729,Rob Minkoff
594,8077,David Fincher
595,8195,John Frankenheimer
596,10586,Stephen Hopkins
597,10632,William Friedkin
598,12117,Jon Turteltaub
599,1792,Bobby Farrelly
600,3580,Clint Eastwood
601,12123,Andrew Davis
602,9566,Tony Scott
603,9833,Joel Schumacher
604,14623,Jonathan Frakes
605,2841,Jean-Pierre Jeunet
606,802,Stanley Kubrick
607,36586,Guillermo del Toro
608,11321,Gabriele Muccino
609,70074,Walter Hill
610,242,Francis Ford Coppola
611,9621,Cameron Crowe
612,1819,Anthony Russo
613,8536,Richard Lester
614,8046,Martin Brest
615,479,John Singleton
616,824,Baz Luhrmann
617,11456,Harold Becker
618,3683,Clint Eastwood
619,22803,F. Gary Gray
620,285923,Robert Rodriguez
621,39437,Jonathan Demme
622,1950,Curtis Hanson
623,640,Steven Spielberg
624,9767,Peyton Reed
625,32856,Garry Marshall
626,6519,Jay Chandrasekhar
627,8741,Terrence Malick
628,49520,David Dobkin
629,524,Martin Scorsese
630,26389,Pierre Morel
631,2123,Bobby Farrelly
632,9907,Steve Oedekerk
633,9969,John Whitesell
634,18239,Chris Weitz
635,808,Andrew Adamson
636,8367,Kevin Reynolds
637,9390,Cameron Crowe
638,10312,Tom Shadyac
639,109443,Adam McKay
640,2022,Steven Brill
641,37686,J.J. Abrams
642,462,Steven Soderbergh
643,9919,Donald Petrie
644,187017,Phil Lord
645,628,Neil Jordan
646,10201,Peyton Reed
647,9441,Chris Columbus
648,274167,Sean Anders
649,224141,Rob Marshall
650,388,Spike Lee
651,2112,Brian Helgeland
652,10329,Frank Marshall
653,74465,Cameron Crowe
654,13811,Alex Proyas
655,8920,Peter Hewitt
656,6950,Wolfgang Petersen
657,225574,Jaume Collet-Serra
658,13836,Andy Fickman
659,752,James McTeigue
660,6038,David Dobkin
661,12103,Gary Fleder
662,2251,Adrian Lyne
663,46529,D.J. Caruso
664,300671,Michael Bay
665,66,Clint Eastwood
666,4421,Ridley Scott
667,2649,David Fincher
668,9631,F. Gary Gray
669,306,John Landis
670,928,Joe Dante
671,205587,David Dobkin
672,14199,Robert Rodriguez
673,1907,Danny Boyle
674,4599,Garry Marshall
675,22832,James McTeigue
676,10390,Sam Raimi
677,44603,Clint Eastwood
678,9691,Richard Donner
679,12220,Rob Reiner
680,72710,Andrew Niccol
681,10782,John McTiernan
682,9573,Clint Eastwood
683,4959,Tom Tykwer
684,10061,John Carpenter
685,10386,Brad Bird
686,421,Wes Anderson
687,13498,Stephen Herek
688,241554,Jaume Collet-Serra
689,2252,David Cronenberg
690,11968,John Stockwell
691,10047,Luc Besson
692,38319,David Gordon Green
693,38363,Doug Liman
694,9923,Tony Scott
695,11863,William Friedkin
696,18501,Brian Taylor
697,109491,Richard LaGravenese
698,329833,Ben Stiller
699,10416,Mike Nichols
700,47327,Patrick Lussier
701,15268,Andrzej Bartkowiak
702,10796,James Wong
703,9548,Renny Harlin
704,1900,Steven Soderbergh
705,89,Steven Spielberg
706,96724,Joe Wright
707,9481,Phillip Noyce
708,4547,David Fincher
709,6415,David O. Russell
710,9896,Jerry Zucker
711,167,Iain Softley
712,11232,James Mangold
713,1636,Harold Ramis
714,2148,Francis Ford Coppola
715,5176,James Mangold
716,1389,Steven Soderbergh
717,9894,Ben Stiller
718,913,John McTiernan
719,11091,Penny Marshall
720,9095,Stephen Frears
721,320,Christopher Nolan
722,199,Jonathan Frakes
723,10684,Edward Zwick
724,1624,Tom Shadyac
725,113464,Terence Young
726,888,Brian Levant
727,4256,David Zucker
728,1493,Donald Petrie
729,11130,Garry Marshall
730,10731,Joel Schumacher
731,7350,Rob Reiner
732,9869,Phillip Noyce
733,4379,Robert Luketic
734,2034,Antoine Fuqua
735,926,Dean Parisot
736,4248,Keenen Ivory Wayans
737,9487,Andrew Stanton
738,10478,Ron Shelton
739,7737,Russell Mulcahy
740,232672,Frank Coraci
741,17379,Wayne Wang
742,8987,Curtis Hanson
743,11359,Frank Oz
744,82525,Oliver Stone
745,9759,David R. Ellis
746,9486,Peter Howitt
747,841,David Lynch
748,4148,Sam Mendes
749,2207,Richard Donner
750,9304,Harold Ramis
751,9826,Simon Wincer
752,10858,Oliver Stone
753,11439,Roman Polanski
754,9457,Stephen Sommers
755,12412,Spike Lee
756,1494,Zhang Yimou
757,2185,Barry Sonnenfeld
758,6639,Mike Newell
759,5503,Andrew Davis
760,27573,Andy Tennant
761,819,Barry Levinson
762,711,Gus Van Sant
763,10468,Betty Thomas
764,10027,Louis Leterrier
765,37233,Sydney Pollack
766,37950,Burr Steers
767,27582,Simon West
768,64688,Phil Lord
769,136795,Paul Feig
770,87826,Frank Coraci
771,18480,Larry Charles
772,709,John Glen
773,49730,Catherine Hardwicke
774,1830,Andrew Niccol
775,79,Zhang Yimou
776,27936,Jean-Pierre Jeunet
777,65,Curtis Hanson
778,9476,Brian Helgeland
779,745,M. Night Shyamalan
780,73937,David Frankel
781,168672,David O. Russell
782,18240,Anne Fletcher
783,10398,Bruce Beresford
784,165,Robert Zemeckis
785,240832,Luc Besson
786,12279,Robert Rodriguez
787,1645,Joel Schumacher
788,11007,Shawn Levy
789,193756,Peter Berg
790,11287,Penny Marshall
791,259693,James Wan
792,37799,David Fincher
793,10184,Ken Kwapis
794,4257,David Zucker
795,4234,Wes Craven
796,196,Robert Zemeckis
797,6114,Francis Ford Coppola
798,109410,Brian Helgeland
799,100042,Bobby Farrelly
800,9036,Frank Marshall
801,257211,Nancy Meyers
802,323675,Tim Story
803,9361,Michael Mann
804,1677,Taylor Hackford
805,187,Robert Rodriguez
806,9889,Bobby Farrelly
807,820,Oliver Stone
808,11565,John Whitesell
809,6073,Gore Verbinski
810,16996,Burr Steers
811,193610,Nick Cassavetes
812,19912,David R. Ellis
813,296098,Steven Spielberg
814,8007,John Moore
815,32823,Nicholas Stoller
816,4380,Peter Chelsom
817,11551,Joe Dante
818,11362,Kevin Reynolds
819,48138,Jaume Collet-Serra
820,1124,Christopher Nolan
821,227159,Sean Anders
822,708,John Glen
823,9930,Ivan Reitman
824,1586,David Koepp
825,9913,Iain Softley
826,209451,Clint Eastwood
827,11975,Francis Ford Coppola
828,11831,Steven Spielberg
829,9096,John McTiernan
830,11011,Donald Petrie
831,82687,Anne Fletcher
832,41446,Wes Craven
833,8224,Joel Schumacher
834,10537,Oliver Stone
835,225886,Jake Kasdan
836,11431,Bobby Farrelly
837,8457,Steven Brill
838,8850,Russell Mulcahy
839,64685,Stephen Daldry
840,1833,Chris Columbus
841,10391,Chuck Russell
842,8970,Sam Weisman
843,9306,John Frankenheimer
844,11370,Peter Hyams
845,1683,Stephen Hopkins
846,203,Martin Scorsese
847,11858,Penny Marshall
848,13536,Michael Caton-Jones
849,15556,Irwin Winkler
850,11062,Harold Becker
851,10802,Paul Verhoeven
852,1887,Sofia Coppola
853,10315,Wes Anderson
854,16643,Stephen Herek
855,2687,John Carpenter
856,194,Jean-Pierre Jeunet
857,11025,Dennie Gordon
858,78698,Ken Kwapis
859,24418,Paul Weitz
860,14655,Malcolm D. Lee
861,4965,Gary Fleder
862,1272,Danny Boyle
863,72358,Brian Robbins
864,266396,Pierre Morel
865,8271,D.J. Caruso
866,10428,Iain Softley
867,11934,Joel Coen
868,9495,Alex Proyas
869,24420,Robert Schwentke
870,62214,Tim Burton
871,9531,Richard Lester
872,64807,Peter Segal
873,12289,John Woo
874,11529,Andy Tennant
875,20943,Robert Luketic
876,9099,Jonathan Lynn
877,9488,Robert Rodriguez
878,55787,Francis Lawrence
879,10400,Norman Jewison
880,1957,Michael Apted
881,256961,Andy Fickman
882,622,Roman Polanski
883,11306,Michael Apted
884,12508,Stephen Herek
885,10534,Ridley Scott
886,1091,John Carpenter
887,87421,David Twohy
888,13503,Steve Miner
889,68722,Paul Thomas Anderson
890,14325,Gary Fleder
891,76494,Kirk Jones
892,4944,Joel Coen
893,96721,Ron Howard
894,334,Paul Thomas Anderson
895,23742,Kevin Smith
896,8966,Catherine Hardwicke
897,8470,Nick Cassavetes
898,11001,Les Mayfield
899,2163,Jonathan Mostow
900,2155,John Frankenheimer
901,8409,F. Gary Gray
902,222936,Cameron Crowe
903,31908,Rob Reiner
904,10219,Scott Hicks
905,48171,Mikael Håfström
906,782,Andrew Niccol
907,18785,Todd Phillips
908,817,Jay Roach
909,268,Tim Burton
910,943,Richard Donner
911,22881,John Lee Hancock
912,10054,Robert Rodriguez
913,44264,Joel Coen
914,350,David Frankel
915,152,Robert Wise
916,1598,Martin Scorsese
917,8065,Robert Luketic
918,271718,Judd Apatow
919,2118,Curtis Hanson
920,11459,Mike Mitchell
921,10806,Frank Oz
922,9348,Roger Donaldson
923,377,Wes Craven
924,8843,Tarsem Singh
925,9313,Randall Wallace
926,39486,Randall Wallace
927,325133,Nicholas Stoller
928,140823,John Lee Hancock
929,1883,Spike Lee
930,89492,Judd Apatow
931,22949,Walt Becker
932,2959,Ken Kwapis
933,9957,Dennis Dugan
934,9366,Mike Newell
935,1576,Paul W.S. Anderson
936,609,Tobe Hooper
937,5516,Joel Coen
938,13051,John Moore
939,49530,Andrew Niccol
940,49022,Luke Greenfield
941,423,Roman Polanski
942,2447,Catherine Hardwicke
943,10066,Jaume Collet-Serra
944,2288,Mike Nichols
945,88794,Clint Eastwood
946,13515,Alexandre Aja
947,169,Stephen Hopkins
948,11622,Hugh Wilson
949,9541,Kevin Smith
950,94348,Rob Cohen
951,8197,Clint Eastwood
952,59965,John Singleton
953,11004,Curtis Hanson
954,10012,Wes Craven
955,49526,David Koepp
956,268920,Anne Fletcher
957,119283,Taylor Hackford
958,4515,Robert Redford
959,6575,Jake Kasdan
960,6440,Lasse Hallström
961,13496,Les Mayfield
962,8967,Terrence Malick
963,144336,David Ayer
964,9616,Brian Helgeland
965,14113,Peter Hewitt
966,285783,Robert Zemeckis
967,49478,Ronny Yu
968,9726,Ridley Scott
969,20763,Richard Donner
970,9702,Taylor Hackford
971,9280,Brian De Palma
972,22267,Ang Lee
973,45958,Alejandro González Iñárritu
974,10436,Martin Scorsese
975,1381,Darren Aronofsky
976,127493,Simon West
977,12429,Hayao Miyazaki
978,228205,"George Tillman, Jr."
979,77875,Gabriele Muccino
980,881,Rob Reiner
981,10877,Andrzej Bartkowiak
982,9600,Raja Gosnell
983,326,David R. Ellis
984,12596,Mike Newell
985,8055,Stephen Daldry
986,50647,David Wain
987,10719,Jon Favreau
988,9294,Jon Turteltaub
989,11888,Brian Levant
990,9647,Richard Donner
991,55721,Paul Feig
992,11978,"George Tillman, Jr."
993,38322,John Whitesell
994,7305,Frank Marshall
995,3594,Joel Schumacher
996,157841,Jean-Pierre Jeunet
997,11519,Steven Spielberg
998,59,David Cronenberg
999,9335,Louis Leterrier
1000,12106,Sam Raimi
1001,11141,Peter Howitt
1002,8649,Martin Scorsese
1003,3587,Norman Jewison
1004,182,Steven Soderbergh
1005,28,Francis Ford Coppola
1006,2054,Stephen Herek
1007,606,Sydney Pollack
1008,87502,Robert Zemeckis
1009,120467,Wes Anderson
1010,11313,Scott Hicks
1011,6488,Frank Marshall
1012,8012,Barry Sonnenfeld
1013,1574,Rob Marshall
1014,9032,Dennis Dugan
1015,862,John Lasseter
1016,1637,Jan de Bont
1017,1669,John McTiernan
1018,2907,Barry Sonnenfeld
1019,9273,Steve Oedekerk
1020,9880,Garry Marshall
1021,2925,Hugh Wilson
1022,807,David Fincher
1023,322,Clint Eastwood
1024,70,Clint Eastwood
1025,9535,Harold Ramis
1026,11036,Nick Cassavetes
1027,6557,Anne Fletcher
1028,18126,Peter Chelsom
1029,4476,Edward Zwick
1030,22947,Jason Reitman
1031,2755,Alexander Payne
1032,82654,Jonathan Levine
1033,16300,Chris Weitz
1034,82696,David Frankel
1035,9870,Nicholas Stoller
1036,8292,John Singleton
1037,10521,Gary Winick
1038,10762,Steven Brill
1039,10096,Gary Winick
1040,59436,Woody Allen
1041,36593,Peter Segal
1042,707,John Glen
1043,6023,Richard LaGravenese
1044,4347,Joe Wright
1045,37056,Gary Winick
1046,4105,Ridley Scott
1047,76489,Bobby Farrelly
1048,3933,Tim Burton
1049,307081,Antoine Fuqua
1050,16871,Sam Raimi
1051,41233,Jon M. Chu
1052,9266,John Stockwell
1053,1262,Marc Forster
1054,7278,Jason Friedberg
1055,9013,Martin Brest
1056,10776,Frank Oz
1057,50456,Joe Wright
1058,14034,Sam Weisman
1059,109421,Steven Soderbergh
1060,4474,Ivan Reitman
1061,184346,Scott Derrickson
1062,72207,Nicholas Stoller
1063,11702,Antoine Fuqua
1064,43347,Edward Zwick
1065,37707,Vincenzo Natali
1066,13150,Gavin O'Connor
1067,17813,Rob Reiner
1068,58151,Craig Gillespie
1069,11400,Terrence Malick
1070,28902,Neil Jordan
1071,14164,James Wong
1072,1947,Lasse Hallström
1073,8054,Terry Gilliam
1074,9989,Peter Howitt
1075,9665,Edward Zwick
1076,311,Sergio Leone
1077,6016,Neil Jordan
1078,265208,Simon West
1079,45610,Marc Forster
1080,69,James Mangold
1081,9449,Peter Hewitt
1082,11499,Ron Howard
1083,4912,George Clooney
1084,12506,Richard Attenborough
1085,24071,Lawrence Kasdan
1086,277216,F. Gary Gray
1087,87,Steven Spielberg
1088,2043,Lee Tamahori
1089,315664,Stephen Frears
1090,1428,Robert Rodriguez
1091,562,John McTiernan
1092,15373,David Wain
1093,318846,Adam McKay
1094,26320,Ang Lee
1095,14292,Gavin O'Connor
1096,924,Zack Snyder
1097,2018,Adam Shankman
1098,9428,Wes Anderson
1099,2832,James Mangold
1100,137093,Jon Turteltaub
1101,699,John Glen
1102,9778,Peter Chelsom
1103,8831,Peter Hyams
1104,9398,Ben Stiller
1105,112949,Lasse Hallström
1106,10439,Kenny Ortega
1107,3638,Scott Hicks
1108,23483,Matthew Vaughn
1109,10577,Patrick Lussier
1110,218778,Miguel Arteta
1111,4348,Joe Wright
1112,78,Ridley Scott
1113,11780,Michael Caton-Jones
1114,192102,McG
1115,2001,James Gray
1116,10025,Donald Petrie
1117,15198,Jay Roach
1118,23172,Brian Levant
1119,10016,John Carpenter
1120,10317,David Gordon Green
1121,58431,Burr Steers
1122,9746,Martin Scorsese
1123,700,John Glen
1124,4964,Judd Apatow
1125,10024,Nick Cassavetes
1126,13490,Malcolm D. Lee
1127,15927,David Lean
1128,5125,Gavin Hood
1129,9437,Gary Fleder
1130,525,John Landis
1131,245,Chris Weitz
1132,9825,Steve Miner
1133,61891,Roland Emmerich
1134,34584,Wolfgang Petersen
1135,2666,Alex Proyas
1136,42807,Richard Linklater
1137,56288,Robert Rodriguez
1138,1613,Ronny Yu
1139,31582,Joel Schumacher
1140,16617,Renny Harlin
1141,8944,Barry Levinson
1142,41488,Norman Jewison
1143,37028,Kenneth Branagh
1144,14560,Steve Carr
1145,10330,Mark Waters
1146,6957,Judd Apatow
1147,1934,John Madden
1148,951,Ivan Reitman
1149,10189,David Gordon Green
1150,9454,Andy Tennant
1151,1551,Joel Schumacher
1152,5902,Richard Attenborough
1153,11460,Wes Craven
1154,9358,David R. Ellis
1155,134,Joel Coen
1156,134374,Michael Bay
1157,1901,Paul Weitz
1158,15028,Jonathan Frakes
1159,11509,Lawrence Kasdan
1160,62838,Garry Marshall
1161,70436,James McTeigue
1162,16784,Donald Petrie
1163,2779,Woody Allen
1164,316002,David O. Russell
1165,238615,Tarsem Singh
1166,788,Chris Columbus
1167,380,Barry Levinson
1168,13223,Clint Eastwood
1169,10523,Oliver Stone
1170,8681,Pierre Morel
1171,424,Steven Spielberg
1172,162903,Bill Condon
1173,11024,Raja Gosnell
1174,6466,Ronny Yu
1175,254024,Michael Winterbottom
1176,7191,Matt Reeves
1177,117,Brian De Palma
1178,6977,Joel Coen
1179,168530,Tim Story
1180,392,Lasse Hallström
1181,88042,Andy Fickman
1182,41630,Ivan Reitman
1183,2085,Andrzej Bartkowiak
1184,794,Richard Donner
1185,9286,James Wong
1186,77877,Scott Hicks
1187,866,Marc Forster
1188,175555,Tyler Perry
1189,8699,Adam McKay
1190,769,Martin Scorsese
1191,11283,Kirk Jones
1192,111,Brian De Palma
1193,11676,Steve Oedekerk
1194,9416,Brett Ratner
1195,7345,Paul Thomas Anderson
1196,12277,Malcolm D. Lee
1197,9779,Ken Kwapis
1198,14177,Bille Woodruff
1199,198185,Craig Gillespie
1200,227156,Phillip Noyce
1201,10735,Dennie Gordon
1202,10623,Andrzej Bartkowiak
1203,590,Stephen Daldry
1204,9655,Andy Fickman
1205,11932,Ronny Yu
1206,11165,Richard Fleischer
1207,57431,David Gordon Green
1208,278,Frank Darabont
1209,9290,Simon Wincer
1210,11543,Bobby Farrelly
1211,9469,Spike Lee
1212,22971,Lasse Hallström
1213,8051,Paul Thomas Anderson
1214,18147,Paul Feig
1215,43931,Wes Craven
1216,10591,Luke Greenfield
1217,276907,Brian Helgeland
1218,65055,David R. Ellis
1219,200505,Ivan Reitman
1220,11954,Tobe Hooper
1221,60309,Robert Redford
1222,9787,Catherine Hardwicke
1223,6978,John Carpenter
1224,59440,Gavin O'Connor
1225,1770,Neil Jordan
1226,64639,Rod Lurie
1227,9903,Lasse Hallström
1228,9912,Roger Donaldson
1229,168705,Uwe Boll
1230,72113,Roman Polanski
1231,9729,Atom Egoyan
1232,94352,Andrew Adamson
1233,12404,Richard Linklater
1234,39845,Taylor Hackford
1235,109091,Ridley Scott
1236,859,Stephen Frears
1237,4233,Wes Craven
1238,174751,Gavin O'Connor
1239,184098,Tim Story
1240,2069,Jonathan Lynn
1241,11635,Todd Phillips
1242,177,Terry Gilliam
1243,10358,Kevin Smith
1244,3558,James Mangold
1245,13476,Robert Luketic
1246,10208,Tim Hill
1247,24961,Sidney Lumet
1248,20697,Brian Robbins
1249,20761,Ron Shelton
1250,43593,Alexandre Aja
1251,41283,"George Tillman, Jr."
1252,4935,Hayao Miyazaki
1253,10663,Frank Coraci
1254,9737,Michael Bay
1255,37137,David Zucker
1256,9532,James Wong
1257,10316,George Clooney
1258,2787,David Twohy
1259,152601,Spike Jonze
1260,10866,John Dahl
1261,21349,Wayne Wang
1262,70435,Steven Soderbergh
1263,20024,Neil Jordan
1264,2453,Simon Wincer
1265,22215,Stephen Frears
1266,11632,Mira Nair
1267,3021,Mikael Håfström
1268,957,Mel Brooks
1269,251,Jerry Zucker
1270,544,Bobby Farrelly
1271,14635,John Lee Hancock
1272,13680,Andy Fickman
1273,688,Clint Eastwood
1274,11090,Luke Greenfield
1275,783,Richard Attenborough
1276,228194,Lasse Hallström
1277,1642,Irwin Winkler
1278,8999,Mikael Håfström
1279,11323,Steven Soderbergh
1280,10445,Richard Attenborough
1281,10878,Dennis Dugan
1282,82650,David Bowers
1283,10279,Spike Lee
1284,2294,Kevin Smith
1285,270487,Joel Coen
1286,204082,Gary Fleder
1287,1599,David O. Russell
1288,17709,Hugh Wilson
1289,9075,Paul Verhoeven
1290,38985,William Friedkin
1291,17795,Peter Segal
1292,81836,Woody Allen
1293,10724,Clint Eastwood
1294,2196,Frank Oz
1295,20857,Brian Robbins
1296,82693,David O. Russell
1297,1646,Richard LaGravenese
1298,44944,Tyler Perry
1299,4108,Louis Leterrier
1300,19255,Sam Mendes
1301,31005,Brad Silberling
1302,1946,David Cronenberg
1303,85,Steven Spielberg
1304,772,Chris Columbus
1305,840,Steven Spielberg
1306,96,Tony Scott
1307,10678,Adam Shankman
1308,274,Jonathan Demme
1309,16290,Jeff Tremaine
1310,14405,Raja Gosnell
1311,138843,James Wan
1312,11637,Brian Levant
1313,1584,Richard Linklater
1314,9312,Paul W.S. Anderson
1315,12153,Keenen Ivory Wayans
1316,65057,Alexander Payne
1317,8326,Andrew Davis
1318,35688,Tyler Perry
1319,162,Tim Burton
1320,103370,Tyler Perry
1321,1051,William Friedkin
1322,10073,Jason Friedberg
1323,21208,Jaume Collet-Serra
1324,9760,Jason Friedberg
1325,1649,Peter Hewitt
1326,9895,Barry Levinson
1327,40264,Jason Friedberg
1328,1164,Alejandro González Iñárritu
1329,239678,Shawn Levy
1330,1710,Jon Amiel
1331,4258,Malcolm D. Lee
1332,10139,Gus Van Sant
1333,335778,Kevin Reynolds
1334,48289,John Madden
1335,243,Stephen Frears
1336,8848,Roger Donaldson
1337,38,Michel Gondry
1338,38303,Andy Fickman
1339,1266,David Ayer
1340,107985,Edgar Wright
1341,14043,Andrew Fleming
1342,9588,Simon Wincer
1343,9954,Renny Harlin
1344,25132,Robert Rodriguez
1345,577,Gus Van Sant
1346,9945,John Carpenter
1347,539,Alfred Hitchcock
1348,13159,Garry Marshall
1349,526,Richard Donner
1350,9842,Todd Phillips
1351,755,Robert Rodriguez
1352,7979,Marc Forster
1353,470,Alejandro González Iñárritu
1354,10642,Amy Heckerling
1355,22074,Michael Moore
1356,13805,Jason Friedberg
1357,9414,Jon Amiel
1358,10710,Barry Levinson
1359,15092,Brian Taylor
1360,11382,Woody Allen
1361,8198,Phillip Noyce
1362,6963,Gore Verbinski
1363,15070,Walter Hill
1364,12797,David Koepp
1365,17134,Renny Harlin
1366,41402,Matt Reeves
1367,4953,Michel Gondry
1368,10773,Stephen Frears
1369,2639,Woody Allen
1370,5971,Neil Jordan
1371,9716,Woody Allen
1372,11835,James Wan
1373,26171,Kirk Jones
1374,31117,Bob Clark
1375,9074,Les Mayfield
1376,14396,Les Mayfield
1377,171274,Paul Thomas Anderson
1378,13948,David Zucker
1379,106747,Robert Rodriguez
1380,46435,Mike Leigh
1381,48231,David Cronenberg
1382,3509,Richard Linklater
1383,82684,Curtis Hanson
1384,12142,Uwe Boll
1385,128,Hayao Miyazaki
1386,13405,Roger Spottiswoode
1387,19457,James Gray
1388,10448,Kevin Reynolds
1389,241257,Alejandro Amenábar
1390,334074,James McTeigue
1391,52449,Jake Kasdan
1392,12150,Harold Becker
1393,4232,Wes Craven
1394,694,Stanley Kubrick
1395,105,Robert Zemeckis
1396,26367,Tyler Perry
1397,12090,Shawn Levy
1398,62630,Lee Tamahori
1399,129,Hayao Miyazaki
1400,2669,Roger Donaldson
1401,13523,Sean Anders
1402,2757,Spike Jonze
1403,11683,George A. Romero
1404,1878,Terry Gilliam
1405,195589,Nicholas Stoller
1406,854,Chuck Russell
1407,2280,Penny Marshall
1408,496,Larry Charles
1409,8835,Robert Luketic
1410,8643,Scott Derrickson
1411,10402,Mike Mitchell
1412,816,Jay Roach
1413,302688,Kirk Jones
1414,60307,David Bowers
1415,106,John McTiernan
1416,10625,Mark Waters
1417,10013,Francis Ford Coppola
1418,194662,Alejandro González Iñárritu
1419,160588,Woody Allen
1420,9829,Paul Greengrass
1421,10028,Bille Woodruff
1422,790,John Carpenter
1423,10364,Mike Nichols
1424,9610,Richard Fleischer
1425,1578,Martin Scorsese
1426,11904,Barry Levinson
1427,44115,Danny Boyle
1428,10569,Woody Allen
1429,11457,Irwin Winkler
1430,321697,Danny Boyle
1431,19840,Chris Columbus
1432,22327,Miguel Arteta
1433,11644,Brian De Palma
1434,68924,Ang Lee
1435,253235,Rob Reiner
1436,10068,Adrian Lyne
1437,522,Tim Burton
1438,130150,Jason Reitman
1439,13809,Guy Ritchie
1440,10549,Kenneth Branagh
1441,33870,Bruce Beresford
1442,245703,Jeff Nichols
1443,10739,Woody Allen
1444,11468,D.J. Caruso
1445,8408,George A. Romero
1446,332411,Chuck Russell
1447,9626,Richard Fleischer
1448,15670,Tyler Perry
1449,8328,Jon M. Chu
1450,1933,Alejandro Amenábar
1451,679,James Cameron
1452,193893,Luke Greenfield
1453,9675,Alexander Payne
1454,9988,Jay Chandrasekhar
1455,948,John Carpenter
1456,146304,Malcolm D. Lee
1457,9792,Alexandre Aja
1458,13778,Sam Weisman
1459,10223,Sam Raimi
1460,26390,Antoine Fuqua
1461,23049,Donald Petrie
1462,9310,Paul Weitz
1463,1491,Neil Burger
1464,10629,Joel Schumacher
1465,10673,Oliver Stone
1466,4584,Ang Lee
1467,207,Peter Weir
1468,8467,Bobby Farrelly
1469,639,Rob Reiner
1470,24226,Sidney Lumet
1471,9285,Todd Phillips
1472,14709,Brian Robbins
1473,83666,Wes Anderson
1474,10781,Jonathan Liebesman
1475,1417,Guillermo del Toro
1476,39180,John Whitesell
1477,16161,John Singleton
1478,10956,Dennie Gordon
1479,4638,Edgar Wright
1480,5038,Woody Allen
1481,30890,Woody Allen
1482,9800,Jonathan Demme
1483,9689,Woody Allen
1484,8009,Russell Mulcahy
1485,152599,James Gray
1486,18840,James Ivory
1487,68727,Danny Boyle
1488,73935,Amy Heckerling
1489,28178,Lasse Hallström
1490,16351,Atom Egoyan
1491,90,Martin Brest
1492,771,Chris Columbus
1493,9576,Sydney Pollack
1494,744,Tony Scott
1495,146,Ang Lee
1496,14,Sam Mendes
1497,9493,Ivan Reitman
1498,873,Steven Spielberg
1499,16769,Michael Apted
1500,11153,Harold Ramis
1501,208134,Jeff Tremaine
1502,1165,Stephen Frears
1503,4011,Tim Burton
1504,17202,Tyler Perry
1505,10053,Simon West
1506,11870,Shawn Levy
1507,586,Barry Levinson
1508,9276,Robert Rodriguez
1509,2142,James Mangold
1510,77016,David Ayer
1511,11478,Rob Cohen
1512,13411,John Whitesell
1513,947,David Lean
1514,24150,Rob Zombie
1515,2493,Rob Reiner
1516,64690,Nicolas Winding Refn
1517,17880,Wayne Wang
1518,9100,Andrew Fleming
1519,116,Woody Allen
1520,1245,James Ivory
1521,4995,Paul Thomas Anderson
1522,254904,Roger Donaldson
1523,11495,Mark L. Lester
1524,15237,Irwin Winkler
1525,9686,Francis Ford Coppola
1526,12257,Dean Parisot
1527,68,Terry Gilliam
1528,115,Joel Coen
1529,4911,Ron Shelton
1530,1988,Michael Winterbottom
1531,10186,Peter Cattaneo
1532,133694,Gus Van Sant
1533,19265,Woody Allen
1534,1018,David Lynch
1535,38031,Woody Allen
1536,6687,Brad Anderson
1537,47692,Atom Egoyan
1538,10045,Pierre Morel
1539,400,Gary Fleder
1540,24206,Russell Mulcahy
1541,137,Harold Ramis
1542,454,Baz Luhrmann
1543,33,Clint Eastwood
1544,12405,Danny Boyle
1545,10998,Adrian Lyne
1546,114,Garry Marshall
1547,2604,Oliver Stone
1548,864,Jon Turteltaub
1549,14435,Patrick Lussier
1550,62008,Tyler Perry
1551,8291,John Singleton
1552,12158,Wes Craven
1553,2830,David Zucker
1554,12403,David Twohy
1555,34563,Rick Famuyiwa
1556,12637,Martin Scorsese
1557,34152,Spike Lee
1558,24940,Mark Waters
1559,1123,Phillip Noyce
1560,87729,James Ivory
1561,245700,Mike Leigh
1562,44092,John Woo
1563,16005,Neil Burger
1564,43949,Rob Reiner
1565,142,Ang Lee
1566,9603,Amy Heckerling
1567,1913,Alejandro Amenábar
1568,801,Barry Levinson
1569,54518,Jon M. Chu
1570,44214,Darren Aronofsky
1571,240,Francis Ford Coppola
1572,10131,Renny Harlin
1573,332567,Jaume Collet-Serra
1574,22345,Bob Clark
1575,5876,Frank Darabont
1576,492,Spike Jonze
1577,10691,John Stockwell
1578,1251,Clint Eastwood
1579,5172,Michael Polish
1580,16406,Andrew Fleming
1581,13074,Rod Lurie
1582,144340,Paul Weitz
1583,28211,Atom Egoyan
1584,9950,Sidney Lumet
1585,44853,Michael Winterbottom
1586,158011,Brad Anderson
1587,62204,Jean-Jacques Annaud
1588,319,Tony Scott
1589,37414,Michael Winterbottom
1590,6217,Paul Schrader
1591,6615,Craig Gillespie
1592,23631,Robert Rodriguez
1593,9552,William Friedkin
1594,578,Steven Spielberg
1595,2105,Chris Weitz
1596,67660,Tim Story
1597,10611,Tim Story
1598,3049,Tom Shadyac
1599,9281,Peter Weir
1600,9762,Anne Fletcher
1601,3179,Mike Judge
1602,184,Quentin Tarantino
1603,36819,Terry Gilliam
1604,13812,John Erick Dowdle
1605,10220,John Dahl
1606,31915,John Frankenheimer
1607,11601,David Koepp
1608,205220,Stephen Frears
1609,129670,Alexander Payne
1610,34549,Tim Hill
1611,57157,Jason Reitman
1612,1948,Brian Taylor
1613,46889,Richard LaGravenese
1614,14976,Jonathan Demme
1615,387,Wolfgang Petersen
1616,9550,Zhang Yimou
1617,14799,Christopher Guest
1618,9466,Woody Allen
1619,61752,Spike Lee
1620,10362,James Gray
1621,45226,Roger Spottiswoode
1622,38448,Neil Jordan
1623,9260,Anthony Russo
1624,61337,Sidney Lumet
1625,89325,Lawrence Kasdan
1626,44555,Zhang Yimou
1627,10133,Vincenzo Natali
1628,50601,Renny Harlin
1629,236751,Randall Wallace
1630,107,Guy Ritchie
1631,927,Joe Dante
1632,11,George Lucas
1633,907,David Lean
1634,206563,Stephen Daldry
1635,11887,Kenny Ortega
1636,45317,David O. Russell
1637,12094,Jeff Tremaine
1638,10377,Jonathan Lynn
1639,1817,Joel Schumacher
1640,10229,Adam Shankman
1641,10156,Mel Brooks
1642,13937,Brian De Palma
1643,28932,Norman Jewison
1644,31909,Tobe Hooper
1645,3175,Stanley Kubrick
1646,11184,Bill Condon
1647,766,Sam Raimi
1648,1587,Lasse Hallström
1649,11109,Mike Leigh
1650,63020,Mira Nair
1651,86829,Joel Coen
1652,11056,Jaume Balagueró
1653,62,Stanley Kubrick
1654,601,Steven Spielberg
1655,489,Gus Van Sant
1656,214,Darren Lynn Bousman
1657,10890,Ivan Reitman
1658,1588,Peyton Reed
1659,663,Darren Lynn Bousman
1660,16781,Tyler Perry
1661,11873,Martin Scorsese
1662,10414,Stephen Herek
1663,9614,Dennis Dugan
1664,1648,Stephen Herek
1665,74534,John Madden
1666,9355,George Miller
1667,10999,Mark L. Lester
1668,44040,John Erick Dowdle
1669,1832,Kevin Smith
1670,15301,Steven Spielberg
1671,26352,Keenen Ivory Wayans
1672,227,Francis Ford Coppola
1673,11336,David Cronenberg
1674,14544,Malcolm D. Lee
1675,11545,Wes Anderson
1676,268238,John Madden
1677,41823,Spike Lee
1678,11891,Steve Oedekerk
1679,14729,Walter Hill
1680,103731,Jeff Nichols
1681,1542,Mike Judge
1682,87093,Tim Burton
1683,10029,Peter Berg
1684,11507,Brian De Palma
1685,3472,Stephen Frears
1686,52067,Miguel Arteta
1687,404,David Lynch
1688,82532,Jay Duplass
1689,10388,Steven Soderbergh
1690,24664,Spike Lee
1691,55720,Chris Weitz
1692,9613,David Cronenberg
1693,73567,William Friedkin
1694,12779,Guy Ritchie
1695,7006,Patrick Lussier
1696,18516,Paul Schrader
1697,10471,Steve Carr
1698,348,Ridley Scott
1699,30497,Tobe Hooper
1700,14811,Norman Jewison
1701,660,Terence Young
1702,9400,F. Gary Gray
1703,16162,Malcolm D. Lee
1704,2359,Michael Moore
1705,6521,Rod Lurie
1706,1621,John Landis
1707,10705,Kenneth Branagh
1708,9685,Burr Steers
1709,12621,Andrew Fleming
1710,29514,George A. Romero
1711,12454,Mike Leigh
1712,15699,Peter Cattaneo
1713,1547,Joel Schumacher
1714,9451,Alexander Payne
1715,16727,Mira Nair
1716,62676,John Sayles
1717,14353,Darren Lynn Bousman
1718,680,Quentin Tarantino
1719,11217,Jay Chandrasekhar
1720,15121,Robert Wise
1721,2619,Ron Howard
1722,235,Rob Reiner
1723,170,Danny Boyle
1724,37964,Rick Famuyiwa
1725,40807,Jonathan Levine
1726,11971,Kenneth Branagh
1727,11596,Wes Craven
1728,9962,Miguel Arteta
1729,42819,James Ivory
1730,209263,Nicole Holofcener
1731,23570,Matt Reeves
1732,8293,James Ivory
1733,44009,Mike Leigh
1734,13154,Mark L. Lester
1735,26618,David Dobkin
1736,44147,Jonathan Lynn
1737,220488,Dennie Gordon
1738,374461,Bruce Beresford
1739,403,Bruce Beresford
1740,29461,"George Tillman, Jr."
1741,9388,Jason Reitman
1742,12569,Mike Judge
1743,24356,Larry Charles
1744,2577,Michael Winterbottom
1745,45650,Joe Dante
1746,301365,Nicolas Winding Refn
1747,7326,Jason Reitman
1748,681,Guy Hamilton
1749,238,Francis Ford Coppola
1750,535,Adrian Lyne
1751,77930,Steven Soderbergh
1752,10727,Jonathan Liebesman
1753,253,Guy Hamilton
1754,3291,George Clooney
1755,8068,Robert Rodriguez
1756,682,Guy Hamilton
1757,2074,David O. Russell
1758,1696,Rob Zombie
1759,308639,Rick Famuyiwa
1760,2662,Rob Zombie
1761,12573,Joel Coen
1762,11342,Steve Miner
1763,11051,Martin Scorsese
1764,9555,Phillip Noyce
1765,39053,Jay Duplass
1766,14112,Paul Schrader
1767,33676,Curtis Hanson
1768,39210,Sofia Coppola
1769,1956,Gus Van Sant
1770,78381,Francis Ford Coppola
1771,8879,Clint Eastwood
1772,9571,Richard Linklater
1773,13649,Kenny Ortega
1774,38970,Gabriele Muccino
1775,650,John Singleton
1776,11033,Brian De Palma
1777,34723,Stephen Sommers
1778,9430,Doug Liman
1779,8998,Nicole Holofcener
1780,10514,Robert Wise
1781,4836,Matthew Vaughn
1782,218,James Cameron
1783,2293,Kevin Smith
1784,792,Oliver Stone
1785,1777,Michael Moore
1786,16619,Robert Redford
1787,1725,Robert Wise
1788,11977,Harold Ramis
1789,16158,Rick Famuyiwa
1790,629,Bryan Singer
1791,10160,Stephen Hopkins
1792,11452,Walt Becker
1793,12163,Darren Aronofsky
1794,13785,Christopher Guest
1795,1103,John Carpenter
1796,36739,Spike Lee
1797,13370,Christopher Guest
1798,11191,Donald Petrie
1799,10215,Peter Howitt
1800,92591,Richard Linklater
1801,1443,Sofia Coppola
1802,576,Sam Peckinpah
1803,13990,Jonathan Levine
1804,58882,Wayne Wang
1805,35944,Peter Cattaneo
1806,42222,Fred Zinnemann
1807,837,David Cronenberg
1808,3482,John Frankenheimer
1809,57022,John Sayles
1810,10664,Jaume Balagueró
1811,7863,Scott Hicks
1812,11901,Clint Eastwood
1813,925,Spike Lee
1814,13173,David Wain
1815,22908,Shane Meadows
1816,91586,James Wan
1817,215,Darren Lynn Bousman
1818,9012,Jeff Tremaine
1819,10072,Chuck Russell
1820,173,Richard Fleischer
1821,1955,David Lynch
1822,77,Christopher Nolan
1823,2295,Kevin Smith
1824,71,Stephen Daldry
1825,323677,Stephen Hopkins
1826,256274,John Erick Dowdle
1827,235271,Bille Woodruff
1828,1391,Alfonso Cuarón
1829,747,Edgar Wright
1830,26748,John Sayles
1831,13776,Barry Levinson
1832,192141,John Erick Dowdle
1833,378200,Bille Woodruff
1834,10786,Richard Lester
1835,17339,Guy Hamilton
1836,335,Sergio Leone
1837,15745,Jon Favreau
1838,10217,Atom Egoyan
1839,1024,Peter Jackson
1840,343795,Michael Polish
1841,16148,Jake Kasdan
1842,4553,Brad Anderson
1843,36351,Paul Schrader
1844,13685,Wes Anderson
1845,298312,M. Night Shyamalan
1846,11600,Brian De Palma
1847,77495,Jaume Balagueró
1848,14849,Stephen Herek
1849,297596,Paul Schrader
1850,11935,Peter Hyams
1851,290825,Kevin Smith
1852,8435,Michael Winterbottom
1853,64720,Jeff Nichols
1854,16337,Tobe Hooper
1855,11577,Sam Peckinpah
1856,77987,Nicolas Winding Refn
1857,9336,Hugh Wilson
1858,712,Mike Newell
1859,13342,Amy Heckerling
1860,1429,Spike Lee
1861,9303,Lilly Wachowski
1862,641,Darren Aronofsky
1863,6106,Oliver Stone
1864,10970,Mel Brooks
1865,10947,Kenny Ortega
1866,3040,Timur Bekmambetov
1867,11386,Neil Jordan
1868,10246,Bob Clark
1869,29426,George A. Romero
1870,10331,George A. Romero
1871,153,Sofia Coppola
1872,703,Woody Allen
1873,1365,Marc Forster
1874,987,Billy Wilder
1875,241251,Rob Cohen
1876,8337,John Carpenter
1877,85350,Richard Linklater
1878,512,Woody Allen
1879,2370,Alfred Hitchcock
1880,10132,Oliver Stone
1881,16448,Christopher Guest
1882,8141,John Dahl
1883,48572,Kevin Smith
1884,157847,David Gordon Green
1885,48309,Renny Harlin
1886,29122,Barry Levinson
1887,10981,Vincenzo Natali
1888,20065,Edward Burns
1889,874,Fred Zinnemann
1890,10774,Sidney Lumet
1891,29715,Sam Peckinpah
1892,9427,Peter Cattaneo
1893,813,Jerry Zucker
1894,10634,F. Gary Gray
1895,23330,Sam Peckinpah
1896,18900,Richard Brooks
1897,27029,Fred Zinnemann
1898,573,Alfred Hitchcock
1899,11363,Edward Burns
1900,3033,Bill Condon
1901,765,Sam Raimi
1902,252360,Uwe Boll
1903,12535,Mel Brooks
1904,850,Bob Clark
1905,11564,Mark L. Lester
1906,805,Roman Polanski
1907,11697,John Ford
1908,8469,John Landis
1909,658,Guy Hamilton
1910,1585,Frank Capra
1911,627,Danny Boyle
1912,23618,Spike Lee
1913,10162,Kirk Jones
1914,1430,Michael Moore
1915,259943,Zhang Yimou
1916,11257,James Ivory
1917,82507,Scott Derrickson
1918,261,Richard Brooks
1919,826,David Lean
1920,5854,Alfred Hitchcock
1921,284,Billy Wilder
1922,5780,Alfred Hitchcock
1923,292,Michel Gondry
1924,22013,Richard Brooks
1925,132344,Richard Linklater
1926,28005,Mira Nair
1927,40247,Nicole Holofcener
1928,16642,Terrence Malick
1929,868,Gavin Hood
1930,246403,Kevin Smith
1931,180296,David Wain
1932,248,Frank Capra
1933,351043,Michael Polish
1934,10226,Alexandre Aja
1935,239,Billy Wilder
1936,3034,Mel Brooks
1937,13025,George A. Romero
1938,15875,John Ford
1939,11072,Mel Brooks
1940,26371,James Ivory
1941,468,Gus Van Sant
1942,76,Richard Linklater
1943,13007,Larry Charles
1944,49471,Spike Lee
1945,7512,Mike Judge
1946,11798,Shane Meadows
1947,9728,Steve Miner
1948,8329,Jaume Balagueró
1949,657,Terence Young
1950,11561,Woody Allen
1951,11624,Woody Allen
1952,8810,George Miller
1953,72213,Alex Kendrick
1954,80,Richard Linklater
1955,55,Alejandro González Iñárritu
1956,11023,Catherine Hardwicke
1957,7873,David Ayer
1958,15186,Steven Soderbergh
1959,10656,Luc Besson
1960,22913,Shane Meadows
1961,273899,Roland Emmerich
1962,206296,Richard LaGravenese
1963,215881,Catherine Hardwicke
1964,11302,Woody Allen
1965,17768,Richard Lester
1966,13516,Michael Moore
1967,32235,Michael Polish
1968,935,Stanley Kubrick
1969,36334,Richard Brooks
1970,104,Tom Tykwer
1971,34106,Frank Capra
1972,11426,Fred Zinnemann
1973,13909,John Ford
1974,592,Francis Ford Coppola
1975,3083,Frank Capra
1976,308529,John Stockwell
1977,4174,Alfred Hitchcock
1978,20156,Atom Egoyan
1979,49018,James Wan
1980,14054,David Gordon Green
1981,10972,Brad Anderson
1982,72913,John Sayles
1983,104755,Rob Zombie
1984,100,Guy Ritchie
1985,223,Alfred Hitchcock
1986,9725,Steve Miner
1987,28580,Billy Wilder
1988,43266,John Ford
1989,278316,Spike Lee
1990,1412,Steven Soderbergh
1991,176,James Wan
1992,39939,Jay Chandrasekhar
1993,480,Mira Nair
1994,11219,Alfred Hitchcock
1995,500,Quentin Tarantino
1996,429,Sergio Leone
1997,13064,Rob Bowman
1998,12877,Shane Meadows
1999,103,Martin Scorsese
2000,11298,Joe Dante
2001,646,Terence Young
2002,7944,Martin Scorsese
2003,41469,Brad Anderson
2004,49963,Nicole Holofcener
2005,13132,David Gordon Green
2006,41830,Guy Hamilton
2007,25212,Rod Lurie
2008,838,George Lucas
2009,74510,Tim Story
2010,36584,Neil Burger
2011,9022,Jonathan Levine
2012,288,Fred Zinnemann
2013,11598,John Landis
2014,704,Richard Lester
2015,14438,Alex Kendrick
2016,33430,Michael Polish
2017,13983,Justin Lin
2018,81220,Marc Forster
2019,253626,Andrew Niccol
2020,285743,Darren Lynn Bousman
2021,4107,Paul Greengrass
2022,762,Terry Gilliam
2023,11240,Stephen Frears
2024,764,Sam Raimi
2025,389,Sidney Lumet
2026,3078,Frank Capra
2027,55123,Gavin O'Connor
2028,2255,Kevin Smith
2029,50035,Nicole Holofcener
2030,14290,Justin Lin
2031,44490,Miguel Arteta
2032,431,Vincenzo Natali
2033,109729,Paul Schrader
2034,12247,Jeff Nichols
2035,18533,Nicolas Winding Refn
2036,9659,George Miller
2037,10218,Doug Liman
2038,391,Sergio Leone
2039,53256,Tom Tykwer
2040,5759,Jay Duplass
2041,27995,Spike Lee
2042,39141,Gary Winick
2043,1779,Michael Moore
2044,18925,Alex Kendrick
2045,985,David Lynch
2046,9821,Peter Chelsom
2047,473,Darren Aronofsky
2048,16388,Edward Burns
2049,18292,David Gordon Green
2050,13963,Martin Scorsese
2051,2292,Kevin Smith
2052,38780,Uwe Boll
2053,14022,Richard Linklater
2054,17345,Alex Kendrick
2055,24055,Jay Duplass
2056,9367,Robert Rodriguez
2057,72766,Edward Burns
